name,code,id,loadFactor,seats,count,gate,time
"American Airlines to Phoenix, Airbus Industries A321","AA","3a8be3d5-bd2c-4046-a5e4-ba0de06f2469","1","183","159","B5","06:00:00"
"American Airlines to Charlotte, Airbus Industries A321","AA","21186579-2575-4986-884e-d11d739c7261","1","183","173","B8","10:09:59"
"American Airlines to Philadelphia, Airbus Industries A321","AA","89f6ed4f-c282-4ba6-b883-b13d0b95bf9d","1","183","169","B9","10:59:59"
"American Airlines to Charlotte, Airbus Industries A321","AA","9942f7d5-6c27-4e44-8e41-739b4ac3af09","1","183","165","B10b","11:15:00"
"American Airlines to New York, Airbus Industries A321","AA","62649716-2b7d-4520-9022-7c628e7ee110","1","102","87","B5","12:24:59"
"American Airlines to Phoenix, Airbus Industries A321","AA","69232de5-bd90-4298-b6dd-adf840138385","1","183","165","B11","12:00:00"
"American Airlines to Charlotte, Airbus Industries A321","AA","52e891a4-9389-4bac-8e50-3515eee9ddb0","1","183","167","B13","13:20:00"
"American Airlines to Philadelphia, Airbus Industries A321","AA","27245534-d4d9-455e-a0b6-bd43ddcdff60","1","183","168","B15","13:30:00"
"American Airlines to Phoenix, Airbus Industries A321","AA","9bd59763-ed18-4362-93d2-78354f96ebc5","1","183","177","B8","15:40:00"
"American Airlines to Philadelphia, Airbus Industries A321","AA","0f70b979-770f-4f83-89cb-f5d6fef00dda","1","183","142","B2","17:19:59"
"American Airlines to Phoenix, Airbus Industries A321","AA","33bf2b0e-ff25-45cb-880d-09ffc7f05753","1","183","174","B4","17:10:00"
"American Airlines to Philadelphia, Airbus Industries A321","AA","6adf8734-46f7-4896-811d-d2c1126186d7","1","183","162","B8","22:05:00"
"American Airlines to Phoenix, Airbus Industries A321","AA","da082964-c8dc-414e-8355-31a260d16cde","1","183","164","B13","20:30:00"
"American Airlines to Charlotte, Airbus Industries A321","AA","838f239c-4bcf-4113-ad91-72849ac08d74","1","183","165","B9","22:20:00"
"American Airlines to New York, Airbus Industries A321","AA","de9b3ace-d94e-4a65-b14e-3d5378fcb142","1","102","91","B6a","22:59:59"
"American Airlines to Phoenix, Airbus Industries A321","AA","f4207891-8adc-4aa6-87f2-651e2ee35d0a","1","183","173","B1","09:15:00"
"American Airlines to Philadelphia, Airbus Industries A321","AA","a414de79-ee2d-46a8-9312-775f0d4967da","1","183","166","B9","06:09:59"
"American Airlines to Philadelphia, Airbus Industries A321","AA","365fe931-75fa-4125-897e-1f479db2f59a","1","183","172","B12","08:15:00"
"American Airlines to Charlotte, Airbus Industries A321","AA","9a46eb4c-979f-4d88-9d66-50cf1180bfaf","1","183","182","B11","07:20:00"
"American Airlines to Los Angeles, Boeing 737-800","AA","bb510b9b-342b-4b6e-841a-c468ccef8d97","1","149","134","B4","10:04:00"
"American Airlines to Dallas-Fort Worth, Boeing 737-800","AA","f2098480-6523-42b7-8434-4c6bad7e7e98","1","149","124","B5","10:36:59"
"American Airlines to Chicago, Boeing 737-800","AA","ef9514f5-6937-4066-adf2-5c944b870dca","1","149","122","B13","10:54:59"
"American Airlines to Dallas-Fort Worth, Boeing 737-800","AA","f0090beb-c796-4cbd-aef6-241675c93702","1","149","124","B8","11:24:59"
"American Airlines to Dallas-Fort Worth, Boeing 737-800","AA","6af44f21-20b3-4138-a762-95ee3ce3f0af","1","149","133","B7a","12:54:59"
"American Airlines to Miami, Boeing 737-800","AA","3664d5ff-15a6-4c98-aeff-852655ccd064","1","149","138","B8","13:05:00"
"American Airlines to Los Angeles, Boeing 737-800","AA","ee3ecd2f-cd68-4e49-a706-a96b3dc5a805","1","149","132","B6b","12:49:59"
"American Airlines to Chicago, Boeing 737-800","AA","9953c7a1-0c2b-4ba1-9a91-7c3d321fef66","1","149","144","B3","13:30:00"
"American Airlines to Chicago, Boeing 737-800","AA","aaac9738-58b4-4a02-9176-b0c7744763de","1","149","131","B11","14:10:00"
"American Airlines to Los Angeles, Boeing 737-800","AA","a855f707-ab94-46ef-99ba-356dae8e5db7","1","149","130","B13","14:19:59"
"American Airlines to Dallas-Fort Worth, Boeing 737-800","AA","485e0fcd-6680-47a0-83e5-d2f91f33f451","1","149","117","B9","14:39:59"
"American Airlines to Miami, Boeing 737-800","AA","9862a9c9-d0bd-4622-af48-151d32d5af9d","1","149","131","B9","16:39:59"
"American Airlines to Dallas-Fort Worth, Boeing 737-800","AA","720e2f9f-0579-4eac-92d4-3346987f8b8c","1","149","126","B12","16:05:00"
"American Airlines to Miami, Boeing 737-800","AA","2c1cf8a0-68f1-4bce-ae04-c6fca6499774","1","149","143","B7a","16:39:59"
"American Airlines to Dallas-Fort Worth, Boeing 737-800","AA","357613d1-e10e-4498-8f09-7017fbca71eb","1","149","142","B15","16:59:59"
"American Airlines to Los Angeles, Boeing 737-800","AA","bb81c10e-c75c-42f9-8a62-4475846c2d08","1","149","131","B13","17:15:00"
"American Airlines to Chicago, Boeing 737-800","AA","28f3f514-e95e-4b8d-8cd1-daadf945bbc6","1","149","125","B6b","17:50:00"
"American Airlines to Los Angeles, Boeing 737-800","AA","c7551d37-7ce6-4c50-910a-c7538fd66b8d","1","149","123","B9","20:05:00"
"American Airlines to Miami, Boeing 737-800","AA","1b0afdd1-531b-4407-b198-66aaeebafac6","1","149","119","B10a","20:55:00"
"American Airlines to Chicago, Boeing 737-800","AA","1c032326-eb7a-4058-8356-d80d68511596","1","149","148","B5","23:39:59"
"American Airlines to Chicago, Boeing 737-800","AA","29bb3752-00bb-4e6a-bc0b-b4e859dc6a2b","1","149","131","B14b","06:15:00"
"American Airlines to Chicago, Boeing 737-800","AA","b4672c69-c4cd-4d65-98d1-3865a67a3fb7","1","149","124","B11","09:20:00"
"American Airlines to Miami, Boeing 737-800","AA","7891bd12-8801-438c-8784-18c58b13d040","1","149","130","B14a","06:00:00"
"American Airlines to Los Angeles, Boeing 737-800","AA","4850d9f5-d717-4afc-9de1-0e302107fe2a","1","149","134","B13","06:29:59"
"American Airlines to Dallas-Fort Worth, Boeing 737-800","AA","ce5e82f4-c63e-460c-b7e9-ad28b1e15c3e","1","149","141","B12","06:00:00"
"American Airlines to Dallas-Fort Worth, Boeing 737-800","AA","85622872-c03e-4bd0-986b-4a3e6d2d5b1c","1","149","131","B14a","07:50:00"
"American Airlines to Dallas-Fort Worth, Boeing 737-800","AA","ae5ee41a-2fb4-4c51-91ad-d9cb81acb89d","1","149","138","B4","08:19:59"
"American Airlines to Dallas-Fort Worth, Boeing 737-800","AA","d360dae1-9cc0-4473-972c-01d655532c00","1","149","124","B9","09:45:00"
"American Airlines to New York, Boeing 777","AA","1a6a2a9a-4c6f-4ed3-b09c-c6a4b68fe0bb","1","247","266","B6","07:09:59"
"American Airlines to New York, Boeing 777","AA","afe0b1e0-ce53-43e5-bde5-2fd1ec15c376","1","304","316","B7","09:15:00"
"American Airlines to Dallas-Fort Worth, Boeing 787-800","AA","52339f8b-6056-42d5-9a6e-58c81e24c201","1","219","247","B10","09:04:59"
"American Airlines to New York, Boeing 787-800","AA","eed9775e-dd22-4497-86c1-949411ef1a07","1","219","246","B14","15:15:00"
"Air France to Paris, Airbus A380","AF","80972811-e1d2-4f81-b264-1489520528e0","1","516","544","B10","17:50:00"
"Air France to Paris, Boeing 777","AF","dc3412b4-80c0-4383-b621-60ca4b0f0c00","1","310","286","B7","15:40:00"
"Air France to Paris, Boeing 777","AF","c529e64c-a1b6-47c3-a4ce-28bb4e29b4a6","1","310","293","B6","21:24:59"
"Alaska Airlines to Seattle, Boeing 737-800","AS","fa33572a-b473-4932-a10c-3c2daded1c4f","1","157","138","B2","10:09:59"
"Alaska Airlines to Portland, Boeing 737-800","AS","28c97150-e1fe-4712-a7b0-40e3c2962047","1","157","131","B11","15:09:59"
"Alaska Airlines to Seattle, Boeing 737-900","AS","25232535-6526-497a-a3bf-f7642902f6c3","1","172","145","B14a","09:15:00"
"Alaska Airlines to Puerto Vallarta, Boeing 737-900","AS","21ee2cc9-242b-4a2b-b331-cd5438a3a2e9","1","172","160","B7a","10:45:00"
"Alaska Airlines to Seattle, Boeing 737-900","AS","e85795fc-ed8d-46ae-8f34-2bfcba838a66","1","172","165","B1","19:54:59"
"Alaska Airlines to Seattle, Boeing 737-900","AS","92be4486-43a9-40e7-be30-d7dcb67776b8","1","172","160","B6a","13:04:00"
"Alaska Airlines to Palm Springs, Boeing 737-900","AS","3e36b511-9089-414f-965a-fe586d884880","1","172","152","B15","14:50:00"
"Alaska Airlines to Seattle, Boeing 737-900","AS","7054939e-43d6-4478-9ff2-039f28a25276","1","172","168","B17","16:54:59"
"Alaska Airlines to Seattle, Boeing 737-900","AS","1b8e75c5-4b02-4606-b990-e05aa6efc318","1","172","159","B4","19:30:00"
"Alaska Airlines to Portland, Boeing 737-900","AS","b795f683-7bbe-44ec-89c8-c3b3f7989519","1","172","151","B10b","20:24:59"
"Alaska Airlines to Palm Springs, Boeing 737-900","AS","34d9c2a2-a0ef-49c8-b365-e79d824e2fe3","1","172","168","B12","20:55:00"
"Alaska Airlines to Seattle, Boeing 737-900","AS","b17b67ac-025f-47b4-a332-53c21afce96f","1","172","166","B2","07:14:59"
"Alaska Airlines to Portland, Boeing 737-900","AS","04d6182d-30de-4167-a05e-317ae2199d2c","1","172","160","B1","07:04:00"
"Horizon Air to Portland, De Havilland Bombardier Dash 8","QX","2aeafe87-f0fe-41dc-8c95-49680947b607","1","74","56","B13","09:00:00"
"Horizon Air to Portland, De Havilland Bombardier Dash 8","QX","cfacaa06-a9e8-4396-a10e-47cdecfa8432","1","74","71","B19","13:20:00"
"Horizon Air to Portland, De Havilland Bombardier Dash 8","QX","1cce2455-d4b4-4b80-b892-88c25182818f","1","74","68","B12","17:55:00"
"JetBlue Airways to Boston, Airbus Industries A321","B6","824a719f-38c0-448e-aaeb-6fcc6306c150","1","183","156","B4","07:04:00"
"JetBlue Airways to Long Beach, Airbus Industries A321","B6","c2a0c7b9-13df-4c32-83e3-24992290a81c","1","183","153","B14b","09:13:59"
"JetBlue Airways to New York, Airbus Industries A321","B6","88842d1d-19a1-4947-84b9-6a7283b48152","1","183","162","B11","10:50:00"
"JetBlue Airways to Long Beach, Airbus Industries A321","B6","e00b2026-078a-4328-b6ef-56db434bef6e","1","183","160","B7b","11:15:00"
"JetBlue Airways to Long Beach, Airbus Industries A321","B6","b5cfabb4-619a-4ec6-902b-2d9e3bf686be","1","183","164","B9","12:06:00"
"JetBlue Airways to Boston, Airbus Industries A321","B6","26da2c76-8a5a-4b28-8a80-1fe007a4e34a","1","183","165","B16","13:39:59"
"JetBlue Airways to , Airbus Industries A321","B6","b65c54d8-c715-42b2-b535-bb932e7634df","1","183","167","B8","16:59:59"
"JetBlue Airways to Long Beach, Airbus Industries A321","B6","c93174ef-4d8d-4142-9ef3-102a34aaff2e","1","183","168","B3","19:14:59"
"JetBlue Airways to New York, Airbus Industries A321","B6","a68179d8-fd62-489f-87c7-87d7dd48fd26","1","183","160","B11","21:00:00"
"JetBlue Airways to Boston, Airbus Industries A321","B6","473aa721-ddc1-4c89-8705-52b405e90162","1","183","160","B6b","22:20:00"
"JetBlue Airways to Fort Lauderdale, Airbus Industries A321","B6","70e5f481-fcde-41c1-96a5-7dd63f096059","1","183","159","B10a","22:20:00"
"JetBlue Airways to New York, Airbus Industries A321","B6","541cdf08-98a8-41fe-a5bc-b793530786c7","1","183","158","B2","23:59:00"
"JetBlue Airways to New York, Airbus Industries A321","B6","496c4fbf-b906-4c0b-903c-1d90f5c88e6c","1","183","160","B13","07:59:59"
"British Airways to London, Airbus A350-1000","BA","ebb20624-03e1-42fa-a391-50b163ec3300","1","369","330","B18","14:15:00"
"British Airways to London, Airbus A350-1000","BA","d98460bb-f2d6-4d38-9787-cae21d7655be","1","369","346","B7","18:54:59"
"British Airways to London, Airbus A380","BA","3ad4b377-b728-4876-83b6-34697204513f","1","469","475","B18","16:54:59"
"Delta Air Lines to New York, Airbus Industries A319","DL","5670dda2-2449-40ca-a95a-27dccf592f04","1","126","120","B5","17:19:59"
"Delta Air Lines to Minneapolis, Airbus Industries A320","DL","c87b9235-2eaa-4525-b3a5-353a63f5a539","1","150","115","B7b","12:24:59"
"Delta Air Lines to Salt Lake City, Airbus Industries A320","DL","bc7ef2dd-f55f-4ad3-812a-a4abc6a60a95","1","150","136","B11","18:24:59"
"Delta Air Lines to Salt Lake City, Airbus Industries A320","DL","069b4767-8e7e-4cae-b040-25b25bfac3ec","1","150","126","B15","06:04:59"
"Delta Air Lines to Atlanta, Airbus A330-300","DL","c83d7b4e-d29e-45d1-a0d4-815962a3e1f0","1","293","315","B6","11:50:00"
"Delta Air Lines to Atlanta, Airbus A330-300","DL","e286ec09-4f1a-4932-a84e-e0921b9da84a","1","293","313","B10","07:30:00"
"Delta Air Lines to Atlanta, Boeing 737-800","DL","313d4b89-4f10-4ac8-80f6-f03ea15e948c","1","160","141","B3","06:00:00"
"Delta Air Lines to New York, Boeing 737-800","DL","bebec211-8f06-43c2-aac5-af0a89badb77","1","160","145","B9","07:59:59"
"Delta Air Lines to Salt Lake City, Boeing 737-800","DL","b751fd9d-6cc4-4f86-a3da-4432e77b8c46","1","160","155","B12","09:04:59"
"Delta Air Lines to New York, Boeing 737-800","DL","fcd4347f-fe1b-42a7-b5d0-c89e4430283a","1","160","143","B4","11:30:00"
"Delta Air Lines to Detroit, Boeing 737-800","DL","ad94468a-3485-4a67-9952-82149cbea869","1","160","143","B2","13:34:59"
"Delta Air Lines to Atlanta, Boeing 737-800","DL","266f93d8-7bde-46bd-a04f-f9aef5e96cb7","1","160","139","B4","14:24:59"
"Delta Air Lines to New York, Boeing 737-800","DL","ce81989e-1238-4e10-899b-7ea7d4e339f4","1","160","137","B5","16:04:00"
"Delta Air Lines to Minneapolis, Boeing 737-800","DL","c20f951e-8ca1-4534-b434-c57b09af2314","1","160","157","B3","17:55:00"
"Delta Air Lines to Minneapolis, Boeing 737-800","DL","4364df78-c7f0-48d5-8f07-3c0fa37e26c9","1","160","146","B2","15:00:00"
"Delta Air Lines to Atlanta, Boeing 737-800","DL","b3822c40-e6c0-4f95-bfb2-3cffee188dfd","1","160","144","B11","16:39:59"
"Delta Air Lines to Honolulu, Boeing 737-800","DL","fc49ce9d-cc0d-4c23-96e6-13f129c0f527","1","160","137","B5","18:17:00"
"Delta Air Lines to Cincinnati, Boeing 737-800","DL","df9cd479-72cb-4616-bbf3-316b524a0365","1","160","145","B2","22:59:59"
"Delta Air Lines to Atlanta, Boeing 737-800","DL","40acc25b-bbba-4bb0-a807-2b029cce3595","1","160","142","B5","22:30:00"
"Delta Air Lines to Los Angeles, Boeing 737-800","DL","20cbef92-93b5-422d-8a26-ba296fbada22","1","160","153","B12","20:19:59"
"Delta Air Lines to Detroit, Boeing 737-800","DL","79d69823-8a22-44fd-b1f0-d94ae3285393","1","160","140","B7a","22:50:00"
"Delta Air Lines to Atlanta, Boeing 737-800","DL","dbff51d8-1e00-4994-acc2-6d445e799174","1","160","154","B4","23:44:59"
"Delta Air Lines to New York, Boeing 737-800","DL","a7d75b4f-1427-4480-943a-aafdfb57525e","1","160","134","B7b","21:15:00"
"Delta Air Lines to New York, Boeing 737-800","DL","b69118b7-677a-45a7-a4d5-ae940282e381","1","160","137","B1","23:15:00"
"Delta Air Lines to Minneapolis, Boeing 737-800","DL","31d96897-925e-4b5d-8241-d02f7fd1640b","1","160","146","B7b","06:24:59"
"Delta Air Lines to New York, Boeing 737-800","DL","7bfb1b7e-fab4-4dd7-a5a9-3d2f6f5e633e","1","160","154","B7a","06:15:00"
"Delta Air Lines to Detroit, Boeing 737-800","DL","adad57d1-82a8-4741-b05a-687dcabed3a5","1","160","147","B8","08:05:00"
"Delta Air Lines to Detroit, Boeing 737-800","DL","3ae3c286-d626-4d15-a6ce-729e14680c89","1","160","148","B5","09:15:00"
"Delta Air Lines to Atlanta, Boeing 737-800","DL","5d718e6a-a486-4734-be1a-2f91bb076f66","1","160","149","B3","08:55:00"
"Delta Air Lines to Minneapolis, Boeing 737-900","DL","d73ffef5-fbbf-4149-af4f-3b0884ecd10d","1","180","167","B6a","10:04:00"
"Delta Air Lines to Salt Lake City, Boeing 737-900","DL","b6777a20-788a-49d7-a9b4-9f81baeb518a","1","180","173","B9","13:09:59"
"Delta Air Lines to Minneapolis, Boeing 737-900","DL","65bb5c07-88c4-4060-9233-d333b80de5c4","1","180","174","B14b","07:45:00"
"Delta Air Lines to Detroit, Boeing 737-900","DL","f90fe681-87b7-486f-954e-c5869aa918f3","1","180","174","B15","07:05:00"
"SkyWest Airlines to Los Angeles, Airbus Industries A319","OO","441139de-0c76-4cd5-a4ed-35a8d77a362e","1","126","121","B2","08:30:00"
"SkyWest Airlines to Los Angeles, Airbus Industries A319","OO","48790ba5-5637-43f8-86b9-43edbf820aa3","1","126","107","B16","09:29:59"
"SkyWest Airlines to Salt Lake City, Airbus Industries A319","OO","ca65d515-0603-4810-88df-b3adcc064c4a","1","126","114","B14a","10:23:00"
"SkyWest Airlines to Los Angeles, Airbus Industries A319","OO","22440c04-d597-40fb-8858-4090795630c2","1","126","115","B10a","10:50:00"
"SkyWest Airlines to Los Angeles, Airbus Industries A319","OO","357c5fc5-8aa0-4b36-91b2-0622370e2aa9","1","126","122","B11","12:49:59"
"SkyWest Airlines to Los Angeles, Airbus Industries A319","OO","0b7ebdcf-b8e8-4d00-81c7-56528d49479b","1","126","112","B19","13:59:59"
"SkyWest Airlines to Los Angeles, Airbus Industries A319","OO","1cdbdcb3-5b1a-4c86-9613-be45b6c09dac","1","126","115","B13","15:00:00"
"SkyWest Airlines to Salt Lake City, Airbus Industries A319","OO","49abc1aa-6c66-4f73-9416-c2fafb1ef8c4","1","126","111","B19","16:43:00"
"SkyWest Airlines to Los Angeles, Airbus Industries A319","OO","a1172e58-9895-495b-a10d-7bdb3add1956","1","126","99","B4","18:35:00"
"SkyWest Airlines to Los Angeles, Airbus Industries A319","OO","1eab696e-e0f2-4179-b4ae-87cdffb7fe59","1","126","104","B13","19:34:59"
"SkyWest Airlines to Los Angeles, Airbus Industries A319","OO","65a051fe-5ea0-457e-8b7a-a7c0b52c8268","1","126","119","B1","21:09:59"
"SkyWest Airlines to Los Angeles, Airbus Industries A319","OO","af7aa517-d56f-4c3f-a941-93a89eceff07","1","126","110","B16","06:20:00"
"SkyWest Airlines to Los Angeles, Airbus Industries A320","OO","a5af783a-24e0-4831-a1e8-35eb2156f5d0","1","150","121","B16","16:59:59"
"Emirates to Dubai, Airbus A380","EK","ca85d1bd-c166-4ddc-b2f0-153725a18700","1","526","544","B6","16:45:00"
"Emirates to Dubai, Airbus A380","EK","e816e738-e496-40f4-a297-90b8064415c0","1","526","544","B14","19:14:59"
"Frontier Airlines to Denver, Airbus Industries A320","F9","5eabd7fa-3fbd-4686-a6de-1f961aaa8c11","1","162","156","B12","14:35:00"
"Frontier Airlines to Denver, Airbus Industries A321","F9","f318ffde-b37b-4013-8077-1afc6139a8e5","1","180","160","B12","10:30:00"
"Frontier Airlines to Denver, Airbus Industries A321","F9","2eee0879-28c3-47fa-a1c7-f9e7dffd5bb7","1","180","165","B12","17:05:00"
"Frontier Airlines to Denver, Airbus Industries A321","F9","faa79526-70f4-4429-9b24-bd27973e856d","1","180","173","B12","19:05:00"
"Frontier Airlines to Denver, Airbus Industries A321","F9","4cf45d98-b1dd-44e3-b0b6-fe012a4050e9","1","180","168","B17","06:09:59"
"Hawaiian Airlines to Honolulu, Airbus A330-200","HA","7a07c619-34b6-4352-8f52-f9953dc6ab53","1","267","290","B20","14:19:59"
"Hawaiian Airlines to Honolulu, Airbus A330-200","HA","08634ef9-9fc6-45fa-a743-1de97e55f8db","1","294","309","B6","08:55:00"
"KLM Royal Dutch Airlines to Amsterdam, Boeing 777","KL","e6e4b14f-6391-4fd8-af02-4e716af2f58f","1","425","397","B10","13:54:59"
"MN Airlines (Sun Country) to Minneapolis, Boeing 737","SY","9dd09230-a681-45f1-85f4-b76b2cb95726","1","129","116","B11","17:39:59"
"MN Airlines (Sun Country) to Minneapolis, Boeing 737-800","SY","248e90a1-81fc-4f90-a1b2-a4012cc92cc1","1","162","154","B6b","09:54:59"
"SkyWest Airlines to Santa Barbara, De Havilland Bombardier Dash 8","OO","6db22ab8-5a22-4972-a647-97d54ad5b356","1","74","65","B3","12:20:00"
"Southwest Airlines to Milwaukee, Boeing 737","WN","90c9c484-2c0f-4c91-9fa8-208a95a43189","1","143","128","B2","07:50:00"
"Southwest Airlines to Phoenix, Boeing 737","WN","da06e138-3535-497d-9b47-c5379c0301cd","1","143","117","B15","08:15:00"
"Southwest Airlines to Los Angeles, Boeing 737","WN","12f0ee04-06dd-4c6b-900a-fa9f8dc8262a","1","143","145","B14b","08:19:59"
"Southwest Airlines to San Diego, Boeing 737","WN","884169b8-72cb-4473-a0af-fd87fd8eb999","1","143","128","B15","09:35:00"
"Southwest Airlines to Fort Lauderdale, Boeing 737","WN","08f7d7cf-4c42-447a-8d7f-1bea33fd9983","1","143","135","B3","10:09:59"
"Southwest Airlines to Denver, Boeing 737","WN","f21875b7-f450-47d9-aef2-fa04fdebd0be","1","143","121","B7b","09:54:59"
"Southwest Airlines to Chicago, Boeing 737","WN","9c714e74-cbb5-4792-a4f6-4b04b2b8dfe7","1","143","126","B10a","09:54:59"
"Southwest Airlines to Los Angeles, Boeing 737","WN","25c5d63a-78e4-4593-8f75-c164c17e9081","1","143","119","B16","10:20:00"
"Southwest Airlines to Santa Ana, Boeing 737","WN","1e52dae2-7d63-4b1c-9af2-d3aa3778c8ad","1","143","119","B15","10:39:59"
"Southwest Airlines to San Diego, Boeing 737","WN","0726fff0-a183-41ca-a810-c306c59118b8","1","143","124","B7a","11:44:59"
"Southwest Airlines to Phoenix, Boeing 737","WN","133ab49c-40ca-4be7-9ba5-265842b47294","1","143","127","B16","12:49:59"
"Southwest Airlines to Chicago, Boeing 737","WN","b3863f57-87e5-4a7e-a31b-87b9f1bddeae","1","143","122","B5","13:20:00"
"Southwest Airlines to Milwaukee, Boeing 737","WN","0ae7c86c-5c6d-49d0-a05c-ed07e85f9e81","1","143","124","B22","13:39:59"
"Southwest Airlines to Phoenix, Boeing 737","WN","1c4ed4de-fc9a-4ec1-94f2-4e6867d15404","1","143","122","B24a","13:50:00"
"Southwest Airlines to Denver, Boeing 737","WN","7f66d1ae-2d08-4a9f-b862-e3c650a55a79","1","143","123","B23","13:59:59"
"Southwest Airlines to San Diego, Boeing 737","WN","f528d3b0-cd82-498a-a7dd-c105187f2dde","1","143","140","B17","14:19:59"
"Southwest Airlines to Los Angeles, Boeing 737","WN","0149a06d-e712-4c63-a46b-808c3e5f8f89","1","143","144","B16","14:30:00"
"Southwest Airlines to Phoenix, Boeing 737","WN","4c76685d-8ab3-4f16-8016-0336d9abb421","1","143","134","B4","15:24:59"
"Southwest Airlines to San Diego, Boeing 737","WN","f89c7d99-226e-4d33-aa54-ae3833ce6440","1","143","123","B16","15:24:59"
"Southwest Airlines to Los Angeles, Boeing 737","WN","9e55ad46-2608-4e9e-98fd-258cb1aae5ac","1","143","120","B14a","16:05:00"
"Southwest Airlines to San Diego, Boeing 737","WN","80a053b6-94b7-481d-94ee-dd8d5d378bad","1","143","123","B20a","16:34:59"
"Southwest Airlines to Los Angeles, Boeing 737","WN","61ab7d7b-747f-46a4-8db1-26bf9952f5d3","1","143","129","B7b","16:45:00"
"Southwest Airlines to Las Vegas, Boeing 737","WN","d455bf2e-7181-44f4-8c8a-4cee68386a98","1","143","143","B9","17:24:59"
"Southwest Airlines to San Diego, Boeing 737","WN","c43fd030-d74e-4858-a8bb-17719ba3a098","1","143","134","B17","17:35:00"
"Southwest Airlines to San Diego, Boeing 737","WN","1435b52d-5fef-4faa-8066-7abe617ea09c","1","143","134","B8","18:00:00"
"Southwest Airlines to Las Vegas, Boeing 737","WN","f74c9cf2-40ec-4272-b31b-a3c07bd0231a","1","143","125","B13","18:09:59"
"Southwest Airlines to Phoenix, Boeing 737","WN","5b4e7c7d-434a-4423-a8f2-833decaf117a","1","143","123","B6b","18:29:59"
"Southwest Airlines to Santa Ana, Boeing 737","WN","98929be6-2d57-474e-aa5e-a5c3ac309ac9","1","143","125","B17","19:04:00"
"Southwest Airlines to San Diego, Boeing 737","WN","3c8cb074-5f7e-43e8-9c2d-7fc01e638adf","1","143","138","B16","19:09:59"
"Southwest Airlines to Denver, Boeing 737","WN","ba15f0b2-35e4-4e1a-9a1c-c984dbdc57b3","1","143","126","B11","19:25:00"
"Southwest Airlines to Denver, Boeing 737","WN","812bbfa7-dba3-4d8c-92cf-8d5619c5fd81","1","143","131","B15","19:50:00"
"Southwest Airlines to Atlanta, Boeing 737","WN","ed6bbcbe-76ab-4e37-94cd-73b627eea79a","1","143","138","B3","23:59:00"
"Southwest Airlines to Los Angeles, Boeing 737","WN","e513e4ad-8299-4103-b2ce-fb6b78a6ce5a","1","143","123","B14a","20:50:00"
"Southwest Airlines to Santa Ana, Boeing 737","WN","22d66767-6a34-4562-af60-98b17387e484","1","143","132","B14b","20:50:00"
"Southwest Airlines to San Diego, Boeing 737","WN","d2ccb98a-26c4-439f-81cd-beeddfff59a6","1","143","128","B9","20:55:00"
"Southwest Airlines to Las Vegas, Boeing 737","WN","42400a3e-1bfb-4435-bb2c-70b454b180a2","1","143","126","B10a","21:29:59"
"Southwest Airlines to St Louis, Boeing 737","WN","78337c7e-2b65-4fef-a92e-8bb34150705d","1","143","126","B7b","22:14:59"
"Southwest Airlines to Phoenix, Boeing 737","WN","f18677b6-21c5-4b51-a18c-6b6178207885","1","143","133","B11","22:04:00"
"Southwest Airlines to Santa Ana, Boeing 737","WN","85b4311f-5c62-4dc2-bd02-9283da027471","1","143","146","B19","06:45:00"
"Southwest Airlines to Santa Ana, Boeing 737","WN","c6f95a44-10af-4fc1-8267-8c961b2eac6a","1","143","143","B18a","07:34:59"
"Southwest Airlines to San Diego, Boeing 737","WN","f676a064-41ad-4b46-b1d7-a9e2fb316ceb","1","143","129","B17","07:05:00"
"Southwest Airlines to Chicago, Boeing 737","WN","2ceedfc2-9442-4bc1-a0c0-3ad3b234b606","1","143","126","B20b","06:24:59"
"Southwest Airlines to Los Angeles, Boeing 737","WN","259e16ed-eafd-45c8-8ff7-f1b0bf2c5999","1","143","124","B20a","06:00:00"
"Southwest Airlines to Las Vegas, Boeing 737","WN","890116ae-b49a-4c0a-96aa-7953bef88b0e","1","143","132","B19","06:00:00"
"Southwest Airlines to Las Vegas, Boeing 737","WN","31ca3441-ce47-467e-bd85-1001473871fa","1","143","132","B16","07:05:00"
"Southwest Airlines to Denver, Boeing 737","WN","f71a841b-b102-4cc9-9da7-b65a161c6ff5","1","143","114","B18b","06:04:59"
"Southwest Airlines to Atlanta, Boeing 737","WN","a7f7179a-7ce5-4dcf-9d8c-7526762d6e2b","1","143","131","B18a","06:29:59"
"Southwest Airlines to Denver, Boeing 737-800","WN","6fcaa601-1e74-408a-8811-5b799018a730","1","175","167","B9","08:30:00"
"Southwest Airlines to Milwaukee, Boeing 737-800","WN","92c8cc8c-4ed5-4f68-a141-cc515a34f6f2","1","175","166","B18a","09:15:00"
"Southwest Airlines to Los Angeles, Boeing 737-800","WN","10438103-bc30-4877-b76e-e6cb6c24e5bc","1","175","168","B17","09:35:00"
"Southwest Airlines to Las Vegas, Boeing 737-800","WN","66529e87-9257-4902-bcdd-516a56c6867e","1","175","156","B14b","10:50:00"
"Southwest Airlines to Los Angeles, Boeing 737-800","WN","3d50b0ae-961f-49bc-bd57-2d665bf149aa","1","175","173","B10a","11:30:00"
"Southwest Airlines to Los Angeles, Boeing 737-800","WN","fde1ee9f-9a9f-4c9a-b6e9-2e0cb7969b79","1","175","167","B12","11:50:00"
"Southwest Airlines to Atlanta, Boeing 737-800","WN","7d25442f-f930-4610-9033-66d5face9f77","1","175","159","B12","13:39:59"
"Southwest Airlines to Santa Ana, Boeing 737-800","WN","d1f30109-648f-4f2e-b418-d664b11f111c","1","175","157","B17","13:34:59"
"Southwest Airlines to Las Vegas, Boeing 737-800","WN","cf3eea71-1790-41b9-aad0-c1a4329c91b5","1","175","166","B21","13:45:00"
"Southwest Airlines to Santa Ana, Boeing 737-800","WN","13fb33e2-3231-465b-ad7d-1aa268389382","1","175","159","B13","15:54:59"
"Southwest Airlines to San Diego, Boeing 737-800","WN","7ea9b035-e965-4a89-9c65-939c5396b9c9","1","175","162","B6a","18:09:59"
"Southwest Airlines to Los Angeles, Boeing 737-800","WN","2cd26cc7-3f9a-46e4-bc05-b1e57b1d98af","1","175","153","B15","18:54:59"
"Southwest Airlines to Los Angeles, Boeing 737-800","WN","0bc09781-6b0f-49fd-89be-9e7f188d8d91","1","175","167","B10b","21:54:59"
